url,Status Code,title,meta_description,h1,Status,importance
https://www.proofserve.com/about,200,About | Proof,"Hi, we're Proof — the leading technology company in the legal services industry. We're reimagining efficiency with modern, automated solutions.",Making legal magic,OK,b
https://www.proofserve.com/associations,200,Industry - Legal Associations,Process Serving you can trust; Proof is a proud member of the top legal associations nationwide.,Proof is a proud member of the top legal associations nationwide,OK,c
https://www.proofserve.com/associations/alabama-paralegal-association,200,Alabama Paralegal Association,,,OK,c
https://www.proofserve.com/associations/association-of-legal-administrators,200,Association of Legal Administrators,,,OK,c
https://www.proofserve.com/associations/categories/collections,200,Collections,,Posts in Collections,OK,c
https://www.proofserve.com/associations/categories/legal-administrators,200,Legal Administrators,,Posts in Legal Administrators,OK,c
https://www.proofserve.com/associations/categories/legal-services,200,Legal Services,,Posts in Legal Services,OK,c
https://www.proofserve.com/associations/categories/paralegals,200,Paralegals,,Posts in Paralegals,OK,c
https://www.proofserve.com/associations/categories/property-management,200,Property Management,,Posts in Property Management,OK,c
https://www.proofserve.com/associations/cincinnati-paralegal-association,200,Cincinnati Paralegal Association,,,OK,c
https://www.proofserve.com/associations/illinois-paralegal-association,200,Illinois Paralegal Association,,,OK,c
https://www.proofserve.com/associations/kansas-city-paralegal-association,200,Kansas City Paralegal Association,,,OK,c
https://www.proofserve.com/associations/maryland-association-for-justice,200,Maryland Association for Justice,,,OK,c
https://www.proofserve.com/become-a-process-server,200,"Become a Process Server | Join 2,600+ in Proof's Trusted Legal Network","Join Proof's nationwide network of vetted process servers. Earn more with the highest-rated app. Get paid fast. Work on your own terms. Apply today.  ""process server jobs,"" ""earn money serving papers,"" ""process server work,"" ""independent contractor serving legal documents,"" ""process server network,""",Ready to serve with Proof?,OK,a
https://www.proofserve.com/calculator/collection,200,Collections Calculator | Proof,"Adjust our assumptions using the ROI calculator to see how Proof drives tenant response rates, and improves profitability.",Quickly serve papers anywhere in the country,OK,b
https://www.proofserve.com/calculator/firm,200,Firm Calculator | Proof,"Law firm cost savings calculator for service of process. Calculate billable hours saved on process serving, paralegal busywork, and legal document delivery. ROI calculator showing cost savings, time savings, and efficiency gains for law firms using a process serving platform.",Calculate your cost savings with Proof,OK,b
https://www.proofserve.com/calculator/property-management,200,Property Management Calculator | Proof,"Unlock profitability serving eviction & delinquency notices with Proof. Property managers, try our savings calculator to discover your potential gains.",Take Proof for a test serve,OK,b
https://www.proofserve.com/contact,200,Contact,,How can Proof customer support help you today?,OK,b
https://www.proofserve.com/for-collections-agencies,200,Collection Agency Process Service | Bulk Automation Platform,"Process serving for collection agencies and debt collectors. Bulk service of process for collections firms. Serve thousands of legal documents nationwide. Automated bulk uploads, GPS tracking, reporting for collection agencies. Service of process for debt collection, debtor location, and skip tracing.",Reliable service of process for collections,OK,a
https://www.proofserve.com/for-government,200,Government Process Service | Secure Bulk Serving at Scale,"Government process serving and document service for agencies, courts, and municipalities. Bulk service of process at scale for government. Nationwide network for government legal document delivery. Secure GPS-tracked serving across all 50 states for federal, state, and local agencies.",Serve documents across the nation,OK,a
https://www.proofserve.com/for-individuals,200,Serve Legal Papers Fast | Affordable DIY Process Service,"DIY process serving for individuals. Serve legal papers, court documents, summons, subpoenas, and complaints yourself without a lawyer. Affordable transparent pricing. Real-time updates and geolocation verification. Self-service process serving in a day.",Get documents served without the hassle,OK,a
https://www.proofserve.com/for-law-enforcement,200,Process Server Police Jobs | Off-Duty Extra Income for Officers,Off-duty police officers and sheriffs earn extra income serving papers. Get paid quickly. Automated affidavits. Fair job distribution. Join Proof.,Law Enforcement,OK,a
https://www.proofserve.com/for-law-firms,200,Independent Process Servers for Law Firms | Proof,"Process servers for law firms, attorneys, and legal professionals. Serve summons, subpoenas, complaints, and court papers nationwide. Independent process server network for litigation, paralegals, and legal document delivery. Legal services for case management, e-filing integrations, and law firm productivity.",Serve documents across the nation,OK,a
https://www.proofserve.com/for-partners,200,For Partners | Proof,Partner with Proof to integrate our service of process platform into your legal software. Integration is quick & easy with our open API. Let’s work together.,"Let’s make legal tech better, together",OK,a
https://www.proofserve.com/for-process-serving-companies,200,Process Serving Companies | Expand to All 50 States with Proof,"Process serving software for process serving companies. Outsource nationwide process serving jobs to a vetted server network. Bulk uploads, automatic ordering, live updates for process server businesses. Same-day expedited service of process. Grow your process serving company revenue.",Outsource your serves to our nationwide process-serving network,OK,a
https://www.proofserve.com/for-servers,200,Process Server Jobs | Get Paid Fast | Earn More Per Serve,"Join Proof's nationwide network and earn more. Get paid within 48 hours. Automated affidavits, no printing costs. Work on your terms with our mobile app.  ""process server jobs,"" ""earn money serving papers,"" ""process server work,"" ""independent contractor serving legal documents,"" ""process server network,""",FOR PROCESS SERVERS,OK,a
https://www.proofserve.com/get-quote,200,Process Server Quote,,Hassle-free process serving in all 50 states,OK,b
https://www.proofserve.com/how-it-works,200,How Process Serving Works | AI-Powered Nationwide Platform Proof,"How service of process works in 2025. Service of process platform for law firms and legal professionals. Serve summons and subpoenas nationwide. Service of process operations, legal document delivery, court papers. Process serving platform with Autofill AI, address verification, GPS tracking, automated affidavits across all 50 states.",Process serving made easier and painless,OK,a
https://www.proofserve.com/integrations,200,Integrations,Integrate Proof with your existing apps,Integrated with the Leading Legal Platforms,OK,c
https://www.proofserve.com/integrations/categories/legal-practice-management,200,Legal Practice Management,,Posts in Legal Practice Management,OK,c
https://www.proofserve.com/integrations/categories/legal-printing-services,200,Legal Printing Services,,Posts in Legal Printing Services,OK,c
https://www.proofserve.com/integrations/categories/payment-processing,200,Payment Processing,,Posts in Payment Processing,OK,c
https://www.proofserve.com/integrations/clio,200,Proof Serve and Clio Integrations,"Enhance efficiency with Proof Serve and Clio integrations.Manage process serving requests seamlessly within matters and serve anyone, anywhere effortlessly.",Award-winning integration for legal document delivery,OK,c
https://www.proofserve.com/integrations/clio-cloud-conference-gift-card,200,Clio | Integrations | Proof,"Enhance efficiency in Clio Manage with Proof integration. Manage process serving requests seamlessly within matters and serve anyone, anywhere effortlessly.",Serve Documents Nationwide in as Fast as 24 Hours with Clio,OK,c
https://www.proofserve.com/integrations/filevine,200,Filevine | Integrations | Proof,Filevine’s integration with Proof makes it easy to serve documents nationwide and chat directly with your server without leaving Filevine.,Serve documents nationwide from within Filevine,OK,c
https://www.proofserve.com/integrations/litify,200,Litify x Proof,Litify’s all-in-one platform empowers law firms and in-house teams to achieve repeated success.,,OK,c
https://www.proofserve.com/integrations/mycase,200,Proof Serve and Mycase Integrations,Use MyCase integrations with Proof Serve to easily create serve requests to serve anyone nationwide using our professional and reliable process servers.,Proof Serve and MyCase Integrations,OK,c
https://www.proofserve.com/join-proof,200,Nationwide Process Server | Proof,Join Proof and get instant access to our nationwide network of vetted process servers. Our reach extends throughout all 50 states and US territories.,Get documents served nationwide,OK,c
https://www.proofserve.com/join-proof-bing,200,Nationwide Process Server | Proof,Join Proof and get instant access to our nationwide network of vetted process servers. Our reach extends throughout all 50 states and US territories.,Get documents served nationwide,OK,c
https://www.proofserve.com/landing-page/proof-vs-abc-legal,200,Proof vs. ABC Legal | Service of Process Alternative,"Looking for an ABC Legal alternative? With Proof you won't have to chase updates, question an invoice, or file an affidavit you don't trust.",Proof vs. ABC Legal,OK,a
https://www.proofserve.com/landing-page/webinar-event/arctrieval-proof-fireside-chat,200,"Webinar: Learn How to Build Better Discovery Workflows, from Pre-Litigation to Trial","Join legal tech leaders from Proof and Arctrieval for a 45-minute strategic session on how modern litigation teams are transforming discovery through smarter, streamlined workflows.",Webinar | On Demand,OK,c
https://www.proofserve.com/landing-page/webinar-event/how-to-scale-collections-in-serve-first-states,200,How to Scale Collections in Serve‑First States | Free Proof Webinar,"Join this free 30‑min webinar to learn how collections firms scale in serve‑first states with reliable service of process, compliance, and real‑time visibility.",WEBINAR,OK,c
https://www.proofserve.com/landing-page/webinar-event/proof-litify-integration,200,Level Up Your Legal Serves with the Seamless Proof Integration,,Webinar | On Demand,OK,c
https://www.proofserve.com/landing-page/webinar-event/scaling-service-of-process,200,Webinar | Scaling High-Volume Service of Process: Strategies for Personal Injury Teams,Join Proof for a 30-minute expert-led webinar designed for high-volume legal teams handling insurance defense and personal injury cases.,,OK,c
https://www.proofserve.com/pricing,200,Pricing,"Process server pricing, costs, fees, and rates. How much does a process server cost. Affordable transparent legal document service pricing. Service of process platform starting at $75 per serve. No contracts, no hidden fees.",Serve your documents in Your State,OK,a
https://www.proofserve.com/pro-se-terms-of-service,200,Pro Se Terms of Service,"Proof's pro se terms and conditions that govern your access to and use of the services, including those available on and through Proof's website.",,OK,c
https://www.proofserve.com/property-management,200,Process Serving Property Management | Automate Tenant Notices,Automate tenant notice delivery and occupancy checks across all 50 states. Deliver violation notices. Real-time tracking for property managers.,Automate Notice Deliveries & Occupancy Checks With Proof,OK,b
https://www.proofserve.com/request-a-demo,200,Request a Demo | Proof,Want to speak with an expert at Proof before making a decision? Schedule a no-hassle demo and speak with our experienced team to see how we can help.,Request a demo,OK,b
https://www.proofserve.com/serve-center,200,Nationwide Process Serving Workspace | Proof Serve Center,"Stay on top of nationwide process serving with Proof’s Serve Center. Create serves in 60 seconds, track status in real time, and communicate directly with servers.",Stay on top of process serving with Proof,OK,b
https://www.proofserve.com/server-policies,200,Server Policies,Learn more about Proof's policies for our process servers.,,OK,c
https://www.proofserve.com/service-of-process-guide,200,"What is Service of Process, the Ultimate Guide [+Things to avoid]",What is service of process in law? Who can serve court papers and is there a penalty for avoiding service of process? Our Service of Process guide answers,"What is Service of Process in Law, the Ultimate Guide [+Things to avoid]",OK,b
https://www.proofserve.com/skip-tracing,200,Skip Tracing Services | Find People Fast Verified Results,"Skip tracing services for law firms and process servers. Locate hard-to-find individuals, defendants, debtors, respondents. People search, address lookup, address verification. Open-source intelligence and premium databases. Find skipped defendants, serve evasive parties, due diligence for legal cases.",Proof skip tracing,OK,a
https://www.proofserve.com/success-stories,200,Success Stories | Proof,"At the core of every Proof customer is a success story. Review a collection of success stories spotlighting how Proof has played a critical part in streamlining service of process for law firms, collection agencies, property management and process servers from around the US.",Success Stories,OK,c