url,title,meta_description,importance
https://www.meistertask.com/,MeisterTask | Work Management & Task Management Software,"MeisterTask is the work management software teams love. Centralize tasks, projects, and documentation in one secure platform. Start free today.",A
https://www.meistertask.com/de,Das Projektmanagement Tool | Made in Germany | MeisterTask,"MeisterTask ist das intuitive Projektmanagement Tool aus Deutschland mit Kanban-Boards & Zeitplänen. Made in Germany, ISO 27001 – jetzt kostenlos starten.",A
https://www.meistertask.com/de/pricing,Preise | MeisterTask | Projektmanagement Tool,Entdecken Sie die Preispläne von MeisterTask. Maximieren Sie die Effizienz Ihres Teams mit Lösungen für Projektmanagement.,A
https://www.meistertask.com/en/pricing,Pricing | MeisterTask | Workmanagement Software,Discover MeisterTask pricing plans. Maximize your team's efficiency with tailored work management solutions.,A
https://www.meistertask.com/pages/bundle,MeisterTask Bundle: 30% Sparen | Projektmanagement,"Sparen Sie 30% mit dem MeisterTask Bundle. Bündeln Sie Projektmanagement, Aufgabenverwaltung und Dokumentation in einem günstigen Paket für Ihr Team.",A
https://www.meistertask.com/pages/business,MeisterTask Business | Work Management at Scale,MeisterTask for Business combines simplicity with flexibility for collaboration at scale. Maximize efficiency and save where it counts — with real results.,A
https://www.meistertask.com/pages/de/bundle,MeisterTask | Bundle,Sparen Sie 30% mit dem MeisterTask Bundle,A
https://www.meistertask.com/pages/de/business,MeisterTask Business | Projektmanagement für Teams,MeisterTask Business bietet Teams flexible Zusammenarbeit im großen Stil. Maximale Effizienz und Einsparungen — für messbare Ergebnisse in Ihrer Organisation.,A
https://www.meistertask.com/pages/de/guides,Leitfäden | MeisterTask | Projektmanagement,"Von besserer Teamarbeit bis zu schlauerem Projektmanagement – entdecken Sie Expert:innen-Leitfäden voller umsetzbarer Tipps, Vorlagen, Fallstudien und mehr.",A
https://www.meistertask.com/pages/de/kanban-board,Kostenloses Online-Kanban-Board für Teams | MeisterTask,Visualisieren Sie Arbeitsabläufe mit dem Kanban-Board von MeisterTask. Steigern Sie die Teamproduktivität und unterstützen Sie agiles Projektmanagement.,A
https://www.meistertask.com/pages/de/product-tour,MeisterTask Produkt-Tour | Arbeitsmanagement-Plattform,"Entdecken Sie MeisterTask: die Arbeitsmanagement-Plattform für tägliche Teamarbeit. Von Projektplanung bis Dokumentation — einfach, sicher und zentral.",A
https://www.meistertask.com/pages/de/project-management,Projektmanagement-Tool für Teams | MeisterTask,"MeisterTask ist das einfache, sichere Projektmanagement-Tool für Teams. Verwalten Sie Projekte, Aufgaben und Dokumentation zentral an einem Ort.",A
https://www.meistertask.com/pages/de/task-management,Aufgabenmanagement-Tool für Teams | MeisterTask,"Organisieren Sie Ihre Arbeit mit MeisterTask — dem Aufgabenmanagement-Tool für produktive Teams. Sicher gehostet in Deutschland, DSGVO-konform.",A
https://www.meistertask.com/pages/de/templates,Vorlagen | MeisterTask | Work Management Software,"Verwenden Sie unsere Vorlagen, um Ihre Arbeitsmanagement-Software zu verbessern. Vorlagen für Aufgabenmanagement, Projektmanagement und Arbeitsmanagement-Software.",A
https://www.meistertask.com/pages/guides,Guides | MeisterTask | Work Mangement,"From team collaboration to project management — explore expert guides packed with actionable tips, templates, case studies and more.",A
https://www.meistertask.com/pages/kanban-board,Free Online Kanban Board for Teams | MeisterTask,"Visualize your work with MeisterTask's free online Kanban board. Perfect for daily tasks, team collaboration, and agile project management.",A
https://www.meistertask.com/pages/product-tour,Product Tour | MeisterTask Work Management Software,"Take a tour of MeisterTask. Discover solutions for teamwork — from strategic planning to project management and documentation. Simple, efficient, secure.",A
https://www.meistertask.com/pages/project-management,Project Management Software for Teams | MeisterTask,"Project management software your team will actually use. Simple, secure and hosted in Germany. Fully GDPR compliant. Trusted by 10,000+ teams.",A
https://www.meistertask.com/pages/task-management,Task Management Software for Teams | MeisterTask,"Keep work visible, teams accountable, and data secure. Hosted in Germany, GDPR-compliant. Trusted by 10,000+ teams. Book a demo.",A
https://www.meistertask.com/pages/templates,Templates | MeisterTask | Work Managment Software,"Use our templates to improve your work management software. Templates for Task Management, Project Management and Work Management software",A
https://www.meistertask.com/pricing,Pricing | MeisterTask | Workmanagement Software,Discover MeisterTask pricing plans. Maximize your team's efficiency with tailored work management solutions.,A
https://www.meistertask.com/pages/apps,MeisterTask App | Mobile & Desktop Work Management,"Download the MeisterTask app for iOS, Android, and desktop. Manage tasks and projects on the go with seamless sync across all your devices.",B
https://www.meistertask.com/pages/compare/asana-alternative,Asana Alternative | Simple Work Management | MeisterTask,"Looking for an Asana alternative? MeisterTask is the EU-based, GDPR-compliant work management tool for teams who need a simpler way to organize daily work.",B
https://www.meistertask.com/pages/compare/clickup-alternative,ClickUp Alternative | MeisterTask | Focused Work Management,MeisterTask is the EU-based ClickUp alternative for teams who need straightforward work management without the feature overload.,B
https://www.meistertask.com/pages/compare/jira-alternative,Jira Alternative | MeisterTask | Simple Task Management,"MeisterTask is the EU-based Jira alternative for task and project management. Simple, secure, GDPR compliant.",B
https://www.meistertask.com/pages/compare/monday-com-alternative,Best Monday.com Alternative | MeisterTask,"MeisterTask is the EU-based alternative to monday.com that focuses on simplicity and support, not piles of features you probably don't need.",B
https://www.meistertask.com/pages/compare/notion-alternative,Notion Alternative | MeisterTask | Simple Work Management,"Skip building databases. MeisterTask gives teams structured project workflows, automation and visibility from day one.",B
https://www.meistertask.com/pages/compare/trello-alternative,Trello Alternative | GDPR-Compliant | MeisterTask,"MeisterTask is the GDPR-compliant Trello alternative for teams. Enjoy powerful task management with Kanban boards, automations, and EU-hosted data security.",B
https://www.meistertask.com/pages/customer-stories,Customer Stories | MeisterTask | Use Cases,Learn how teams from different industries like the Public sector and manufacturing are using MeisterTask to optimise their task management.,B
https://www.meistertask.com/pages/de/apps,MeisterTask App | Mobile & Desktop Projektmanagement,"Laden Sie die MeisterTask-App für iOS, Android und Desktop herunter. Verwalten Sie Aufgaben und Projekte unterwegs — mit nahtloser Synchronisation.",B
https://www.meistertask.com/pages/de/compare/asana-alternative,Asana-Alternative für Aufgabenmanagement | MeisterTask,"MeisterTask ist die EU-basierte Asana-Alternative für Teams. Einfache, sichere Organisation Ihrer täglichen Arbeit — DSGVO-konform und intuitiv.",B
https://www.meistertask.com/pages/de/compare/clickup-alternative,ClickUp-Alternative | MeisterTask für bessere Arbeitsorganisation,"MeisterTask ist die ClickUp-Alternative für Teams, die ihre Arbeitsorganisation verbessern und produktiver arbeiten möchten – ohne unnötige Komplexität.",B
https://www.meistertask.com/pages/de/compare/jira-alternative,Jira-Alternative | MeisterTask | Einfaches Task-Management,"MeisterTask ist die europäische Jira-Alternative für Aufgaben- und Projektmanagement. Einfach, sicher, DSGVO-konform.",B
https://www.meistertask.com/pages/de/compare/monday-com-alternative,Die beste Monday.com-Alternative | MeisterTask,"MeisterTask ist die deutsche Alternative zu monday.com – mit persönlichem Support und nur den Funktionen, die Sie wirklich brauchen.",B
https://www.meistertask.com/pages/de/compare/notion-alternative,Notion-Alternative | MeisterTask | Einfache Arbeitsorganisation,"MeisterTask ist die Notion-Alternative für Teams, die strukturierte Workflows, integrierte Automationen und klare Projektübersichten suchen.",B
https://www.meistertask.com/pages/de/compare/trello-alternative,Trello-Alternative | DSGVO-konform | MeisterTask,"MeisterTask ist die DSGVO-konforme Trello-Alternative. Vergleichen Sie Funktionen, Preise und Vorteile — und starten Sie kostenlos mit Kanban-Boards.",B
https://www.meistertask.com/pages/de/customer-stories,Kundenerfolgsgeschichten | MeisterTask in der Praxis,"Erfahre, wie Teams aus verschiedensten Branchen mit MeisterTask weltweit Projekte effizienter umsetzen und ihre Zusammenarbeit aufs nächste Level heben.",B
https://www.meistertask.com/pages/de/digitalisierung,Digitalisierung der Arbeitswelt | MeisterTask,"Starten Sie die Digitalisierung Ihrer Arbeitswelt mit MeisterTask. Einfach, sicher und unkompliziert — Ihr Partner für digitale Transformation.",B
https://www.meistertask.com/pages/de/documentation,Projektdokumentation-Software | MeisterTask,"Optimieren Sie Ihre Projektdokumentation mit MeisterTask. Erstellen, organisieren und teilen Sie Projektdokumente zentral — für bessere Übersicht im Team.",B
https://www.meistertask.com/pages/de/guides/digital-transformation-guide,Digitale Transformation meistern: Ihr praktischer Leitfaden - Meister,"Lernen Sie, wie Sie Ihre digitale Transformation planen, passende Tools und Partner:innen auswählen und mit praktischen Tipps nachhaltige Veränderung bewirken.",B
https://www.meistertask.com/pages/de/guides/project-management-guide,Projektmanagement einfach erklärt – Grundlagen für Ihr Team - Meister,"Lernen Sie alles über effektives Projektmanagement: Agile Methoden wie Scrum & Kanban, Tools für die Umsetzung und wie MeisterTask Ihr Team unterstützt.",B
https://www.meistertask.com/pages/de/guides/task-management-the-ultimate-guide,Task-Management: der ultimative Leitfaden - Meister,"Lernen Sie, Aufgaben effizient zu verwalten – mit Methoden, Tools und Tipps für produktive Teamarbeit mit MeisterTask.",B
https://www.meistertask.com/pages/de/industries/banken-finanzdienstleister,Banken & Finanzdienstleister | MeisterTask,"MeisterTask für Banken und Finanzdienstleister. Die EU-konforme digitale Lösung für Ihre Tagesgeschäfte — sicher, einfach und datenschutzkonform.",B
https://www.meistertask.com/pages/de/industries/behoerden-oeffentlicher-sektor,Öffentlicher Sektor | MeisterTask Projektmanagement,"MeisterTask für Behörden und den öffentlichen Sektor. Die sichere, EU-konforme digitale Lösung für Ihren Verwaltungsalltag — einfach und bedienfreundlich.",B
https://www.meistertask.com/pages/de/industries/gesundheitswesen,Gesundheitswesen | MeisterTask Projektmanagement,"MeisterTask für das Gesundheitswesen. Die EU-konforme Projektmanagement-Lösung für Ihren Geschäftsalltag — sicher, einfach und datenschutzkonform.",B
https://www.meistertask.com/pages/de/industries/manufacturing,Produktion & Industrie | MeisterTask,MeisterTask für die Produktion. Erhöhen Sie die Produktivität und senken Sie Kosten — mit einer einfachen Projektmanagement-Lösung für Ihre Abläufe.,B
https://www.meistertask.com/pages/de/industries/mittelstand,Einfach. Sicher. MeisterTask für KMU in Europa | MeisterTask | Projektmanagement,"Mehr erreichen mit weniger Aufwand. MeisterTask hilft europäischen KMU, klarer zu arbeiten – einfach, sicher und DSGVO-konform. Made in Germany.",B
https://www.meistertask.com/pages/de/industries/versicherungen,Projektmanagement für Produktion | MeisterTask,Digitales Aufgabenmanagement für produzierende Unternehmen. Optimieren Sie mit MeisterTask jeden Prozess — vom Auftragseingang bis zur Auslieferung.,B
https://www.meistertask.com/pages/de/integrations,Integrationen | MeisterTask Projektmanagement-Software,"MeisterTask integriert sich nahtlos mit Jira, Confluence, Slack, Microsoft Teams und vielen weiteren Apps. Perfekt für Ihren bestehenden Tech-Stack.",B
https://www.meistertask.com/pages/de/knowledge-management,Wissensmanagement-Software für Teams | MeisterTask,"Schaffen Sie eine zentrale Informationsquelle mit MeisterTask. Dokumentation, die Ihre Teams informiert und abstimmt — in einem Tool, das sie nutzen.",B
https://www.meistertask.com/pages/de/kollaborationsplattform,Kollaborationsplattform für Teams | MeisterTask,"MeisterTask ist die sichere Kollaborationsplattform aus der EU. Verwalten Sie Aufgaben, Projekte und Teamarbeit — einfach und DSGVO-konform.",B
https://www.meistertask.com/pages/de/meister-ai,Meister AI – Ihr KI-Assistent für mehr Fokus und Überblick,"Meister AI verbindet E-Mail, Kalender und Aufgabenmanagement-Tools und erstellt Ihnen täglich eine Prioritätenliste. In der EU entwickelt und gehostet.",B
https://www.meistertask.com/pages/de/resource-management,Ressourcenverwaltung-Software für Teams | MeisterTask,"Vereinfachen Sie Ihre Ressourcenverwaltung mit MeisterTask. Planen Sie Kapazitäten, verteilen Sie Aufgaben und organisieren Sie Teamarbeit zentral.",B
https://www.meistertask.com/pages/de/security,Sicherheit & DSGVO | MeisterTask Projektmanagement,"DSGVO-konformes, ISO-zertifiziertes Projektmanagement aus Deutschland. Über 10.000 Organisationen in Europa vertrauen auf MeisterTask.",B
https://www.meistertask.com/pages/de/templates/gantt-diagramm-vorlage,Kostenlose Gantt-Diagramm Vorlage | MeisterTask,Jetzt kostenlose Gantt-Diagramm Vorlage sichern und direkt anwenden – ideal zur Projektplanung. Inklusive Anleitung zur einfachen Nutzung.,B
https://www.meistertask.com/pages/de/templates/kanban-template,Kanban Template | Kanban Vorlagen von MeisterTask,Mit einem Kanban-Board können Sie Projekte und Arbeitsabläufe visualisieren. Starten Sie mit diesem Kanban-Template.,B
https://www.meistertask.com/pages/de/templates/project-management-template,Projektmanagement-Vorlage - Meister,Melden Sie sich kostenlos bei MeisterTask an und nutzen Sie noch heute die Projektmanagement-Vorlage.,B
https://www.meistertask.com/pages/de/workflows,Workflow-Management-Software für Teams | MeisterTask,"Weniger Aufwand, mehr Erfolg. Optimieren Sie Teamwork und Prozesse mit MeisterTask.",B
https://www.meistertask.com/pages/digitalization,Team Digitalization & Collaboration Software | MeisterTask,"Kickstart your team's digitalization with MeisterTask. Save time, improve focus, and enhance collaboration with simple, secure work management software.",B
https://www.meistertask.com/pages/documentation,Project Documentation Software | MeisterTask,"Streamline project documentation with MeisterTask. Create, organize, and share project docs in one central hub your team will actually use.",B
https://www.meistertask.com/pages/guides/digital-transformation-guide,Mastering digital transformation: your guide to successful digitalization projects - Meister,"Learn how to plan your digital transformation, choose the right tools and partners, and drive sustainable change with practical tips.",B
https://www.meistertask.com/pages/guides/project-management-guide,The 2025 guide to project management with MeisterTask,"Discover project management best practices, actionable tips, templates, case studies, and more.",B
https://www.meistertask.com/pages/guides/task-management-the-ultimate-guide,Task management: the ultimate guide - Meister,This guide is your ultimate resource for mastering task management.,B
https://www.meistertask.com/pages/industries/banking-financial-services,Banking & Financial Services | MeisterTask,"MeisterTask for banking and financial services. Centralize daily work in a secure, EU-compliant digital solution that meets privacy regulations.",B
https://www.meistertask.com/pages/industries/healthcare,Healthcare Work Management Software | MeisterTask,"MeisterTask for healthcare teams. Centralize daily operations in a secure, EU-compliant work management solution built for privacy and patient data.",B
https://www.meistertask.com/pages/industries/insurance,Insurance Work Management Software | MeisterTask,"MeisterTask for insurance. Centralize daily operations in a secure, EU-compliant work management platform built for privacy and regulatory standards.",B
https://www.meistertask.com/pages/industries/manufacturing,Manufacturing & Industrials | MeisterTask,MeisterTask for manufacturing teams. Improve productivity and reduce costs by streamlining daily operations in a simple work management solution.,B
https://www.meistertask.com/pages/industries/public-sector,Public Sector Task Management | MeisterTask,"MeisterTask for the public sector. Centralize daily operations in a secure, EU-compliant digital solution that meets government privacy regulations.",B
https://www.meistertask.com/pages/industries/small-medium-businesses,"Structure to Scale: Simple, Secure Project Management | MeisterTask","Build clarity into your business. MeisterTask helps teams scale efficiently — with simple, secure project management made and hosted in Europe.",B
https://www.meistertask.com/pages/integrations,Integrations | MeisterTask Work Management Software,"MeisterTask integrates with Jira, Confluence, Slack, Microsoft Teams, and hundreds more. Slot seamlessly into your existing tech stack.",B
https://www.meistertask.com/pages/knowledge-management,Knowledge Management Software for Teams | MeisterTask,"Build your team's central source of truth with MeisterTask. Create a documentation hub that informs, aligns, and engages your team — all in one place.",B
https://www.meistertask.com/pages/meister-ai,Meister AI | Your prioritization partner,"Meister AI connects to the tools you already use — email, calendars, task management apps — and gives you a list of priorities for the day. Built and hosted in EU.",B
https://www.meistertask.com/pages/resource-management,Resource Management Software for Teams | MeisterTask,"Simplify resource management with MeisterTask. Plan workloads, balance team capacity, and centralize how you organize work — all in one secure platform.",B
https://www.meistertask.com/pages/security,GDPR-Compliant Project Management Software | MeisterTask,"MeisterTask is GDPR-compliant, ISO-certified project management software hosted in Germany. Trusted by 10,000+ organizations across Europe.",B
https://www.meistertask.com/pages/teamwork-collaboration,Collaboration Software for Teams | MeisterTask,"MeisterTask is the simple, EU-based collaboration software for teams. Manage tasks, projects, and teamwork in one secure platform built for daily work.",B
https://www.meistertask.com/pages/templates/gantt-chart-template,Gantt Chart Template | MeisterTask | Templates,"A Gantt chart is a project management tool that visually represents how you plan, schedule, and monitor your project.",B
https://www.meistertask.com/pages/templates/kanban-template,Kanban Board Template | MeisterTask | Kanban Software,Kanban methodology simplifies workflows by visualizing project tasks. Use this Kanban template to identify priorities and manage resources efficiently.,B
https://www.meistertask.com/pages/templates/project-management-template,Project management template - Meister,Sign up to MeisterTask for free and start using the project management template with your team today.,B
https://www.meistertask.com/pages/workflows,Workflow Management Software for Teams | MeisterTask,Streamline teamwork with MeisterTask workflow management software.,B
https://www.meistertask.com/pages/compare/awork-alternative,The Awork Alternative for Better Teamwork - Meister,"MeisterTask is the Awork alternative for simple, secure teamwork. Manage tasks, co-create docs and work better together.",C
https://www.meistertask.com/pages/compare/excel-alternative,Excel Alternative for Project Management | MeisterTask,"Stop managing projects in spreadsheets. MeisterTask is the Excel alternative built for project management, team collaboration, and real-time task tracking.",C
https://www.meistertask.com/pages/compare/microsoft-to-do-alternative,The Best Microsoft To Do Alternative | MeisterTask,"Need more than a basic to-do list? MeisterTask is how teams manage work better. Made in the EU, fully GDPR compliant.",C
https://www.meistertask.com/pages/compare/ms-planner-alternative,Best Microsoft Planner Alternative | MeisterTask,"Need a Microsoft Planner alternative that's easy to use, EU-based and fully GDPR compliant? Discover MeisterTask.",C
https://www.meistertask.com/pages/compare/stackfield-alternative,Stackfield Alternative for Work Management | MeisterTask,"MeisterTask is the Stackfield alternative for focused work management. Manage daily tasks, collaborate securely, and get started free today.",C
https://www.meistertask.com/pages/compare/todoist-alternative,Todoist Alternative | MeisterTask | Team Collaboration,"Outgrown Todoist? See how MeisterTask adds visual workflows, team collaboration and straightforward project management.",C
https://www.meistertask.com/pages/de/compare/awork-alternative,Awork-Alternative für Teamarbeit | MeisterTask,"MeisterTask ist die Awork-Alternative für einfache, sichere Teamarbeit. Verwalten Sie Aufgaben, erstellen Sie Dokumente und arbeiten Sie besser zusammen.",C
https://www.meistertask.com/pages/de/compare/excel-alternative,Excel-Alternative für Projektmanagement | MeisterTask,Schluss mit Tabellen-Chaos. MeisterTask ist die Excel-Alternative für Projektmanagement und Echtzeit-Zusammenarbeit. Jetzt kostenlos testen.,C
https://www.meistertask.com/pages/de/compare/microsoft-to-do-alternative,Die beste Microsoft To Do-Alternative | MeisterTask,Sie wollen mehr als nur eine Aufgabenliste? Dann werden Sie MeisterTask lieben. Arbeiten Sie einfach besser – mit einer DSGVO-konformen Lösung aus Deutschland.,C
https://www.meistertask.com/pages/de/compare/ms-planner-alternative,Die beste Microsoft Planner Alternative | MeisterTask,"Suchen Sie eine Microsoft Planner-Alternative, die einfach zu bedienen, in der EU gehostet und DSGVO-konform ist? Dann ist es an der Zeit für MeisterTask.",C
https://www.meistertask.com/pages/de/compare/stackfield-alternative,Stackfield-Alternative für Arbeitsmanagement | Meister,MeisterTask ist die Stackfield-Alternative für einfaches Arbeitsmanagement. Verwalten Sie Ihre tägliche Arbeit fokussierter — kostenlos starten.,C
https://www.meistertask.com/pages/de/compare/todoist-alternative,Todoist-Alternative für Team-Collaboration | MeisterTask,"Wenn Todoist nicht mehr ausreicht: MeisterTask unterstützt Teams mit visuellen Workflows, besserer Zusammenarbeit und strukturiertem Projektmanagement.",C
https://www.meistertask.com/pages/de/industries/manufacturing/projektmanagement-baubranche,Digitales Projektmanagement-Tool für die Baubranche - Meister,Vermeiden Sie Verzögerungen und behalten Sie Projekte und Subunternehmer:innen im Griff. MeisterTask ist das digitale Aufgabenmanagement-Tool für die Bauunternehmen.,C
https://www.meistertask.com/pages/de/industries/manufacturing/projektmanagement-maschinenbau,Projektmanagement-Software für Maschinenbau - Meister,"MeisterTask setzt dort an, wo Ihr ERP-System endet. Arbeiten Sie prozessorientiert und kollaborativ an Aufgaben, Projekten und Strategien.",C
https://www.meistertask.com/pages/de/industries/manufacturing/projektmanagement-produzierende-unternehmen,Das Projektmanagement-Tool für produzierende Unternehmen - Meister,MeisterTask ermöglicht digitales Aufgabenmanagement für produzierende Unternehmen. Optimieren Sie jeden Prozess – vom Auftragseingang bis zur Auslieferung.,C
https://www.meistertask.com/pages/de/templates/action-plan-template,Aktionsplan-Vorlage - Meister,"Melden Sie sich kostenlos bei MeisterTask an und nutzen Sie noch heute die Aktionsplan-Vorlage, um Ihre Projekte zu koordinieren.",C
https://www.meistertask.com/pages/de/templates/agile-board-template,Agile Board Vorlage | MeisterTask | Vorlagen,"Agile Boards helfen jedem im Team zu wissen, was erwartet wird und wann Aufgaben fällig sind.",C
https://www.meistertask.com/pages/de/templates/aufgabenverteilung-im-team-vorlage,Aufgabenverteilung im Team Vorlage | Kostenlos | Meistertask,Jetzt die kostenlose Vorlage für Aufgabenverteilung im Team sichern und direkt anwenden – ideal zur Aufgabenverfolgung und Planung. Inklusive Anleitung.,C
https://www.meistertask.com/pages/de/templates/bug-tracking-template,Bug-Tracking-Vorlage | Meistertask | Vorlagen,"Melden Sie sich kostenlos bei MeisterTask an und nutzen Sie die Bug-Tracking-Vorlage, um Ihren Workflow zu optimieren und Probleme effizient zu lösen.",C
https://www.meistertask.com/pages/de/templates/business-model-canvas-template,Business-Model-Canvas-Vorlage | Meistertask | Vorlagen,"Melden Sie sich kostenlos bei MeisterTask an und nutzen Sie die Business-Model-Canvas-Vorlage, um Ihre Geschäftsideen zu strukturieren.",C
https://www.meistertask.com/pages/de/templates/capacity-planning,Kapazitätsplan Vorlage | MeisterTask | Vorlagen,"Eine erfolgreiche Zuweisung von Ressourcen stellt sicher, dass Ihre Teammitglieder alles haben, was sie benötigen, um ihre Arbeit effektiv zu erledigen.",C
https://www.meistertask.com/pages/de/templates/categories/digitalization,Digitalisierungsvorlagen | MeisterTask,"Nutze unsere Digitalisierungsvorlagen, um die Digitalisierung deines Teams zu organisieren und zu verwalten.",C
https://www.meistertask.com/pages/de/templates/categories/project-management,MeisterTask | Projektmanagement Tool,Mit dem Projektmanagement Tool MeisterTask schaffen Sie eine digitale Informationszentrale für Projekte.,C
https://www.meistertask.com/pages/de/templates/categories/resource-planning,MeisterTask | Projektmanagement Tool,Mit dem Projektmanagement Tool MeisterTask schaffen Sie eine digitale Informationszentrale für Projekte.,C
https://www.meistertask.com/pages/de/templates/categories/task-management,Kostenlose Aufgabenmanagement-Vorlagen im Überblick - Meister,"Aufgabenmanagement-Vorlagen für klare To-dos, Zuständigkeiten und Fristen – damit Ihr Team schneller liefert.",C
https://www.meistertask.com/pages/de/templates/categories/work-management,Arbeitsmanagement-Vorlagen - Meister,"Nutzen Sie unsere kostenlosen Arbeitsmanagement-Vorlagen, um Ihre Arbeitsabläufe zu planen, zu organisieren und zu optimieren.",C
https://www.meistertask.com/pages/de/templates/categories/work-plans,MeisterTask | Projektmanagement Tool,Mit dem Projektmanagement Tool MeisterTask schaffen Sie eine digitale Informationszentrale für Projekte.,C
https://www.meistertask.com/pages/de/templates/change-management-template,Change-Management-Vorlage | Meistertask | Vorlagen,"Registrieren Sie sich kostenlos bei MeisterTask und nutzen Sie die Change-Management-Vorlage, um Änderungen in Projekten effektiv zu steuern.",C
https://www.meistertask.com/pages/de/templates/client-tracker-template,Vorlage für Kund:innen-Tracker | Meistertask | Vorlagen,Registrieren Sie sich kostenlos bei MeisterTask und nutzen Sie die Vorlage für Kund:innen-Tracker.,C
https://www.meistertask.com/pages/de/templates/construction-project-management-template,Bauprojektvorlage Vorlage | Meistertask | Vorlagen,"Melden Sie sich kostenlos bei MeisterTask an und nutzen Sie Ihre Bauprojektvorlage, um neue Bauvorhaben effizient zu steuern.",C
https://www.meistertask.com/pages/de/templates/construction-project-planning-template,Bauprojekt-Planungsvorlage | Meistertask | Vorlagen,Melden Sie sich kostenlos bei MeisterTask an und nutzen Sie noch heute diese Bauprojekt-Planungsvorlage.,C
https://www.meistertask.com/pages/de/templates/construction-workflow-management-template,Workflow-Management-Vorlage für Bauprojekte | Meistertask | Vorlagen,Melden Sie sich kostenlos bei MeisterTask an und nutzen Sie die Workflow-Management-Vorlage für Bauprojekte.,C
https://www.meistertask.com/pages/de/templates/creative-workflow-management-template,Workflow-Management-Vorlage für kreative Teams | Meistertask | Vorlagen,Melden Sie sich kostenlos bei MeisterTask an und nutzen Sie noch heute die Workflow-Management-Vorlage für kreative Teams.,C
https://www.meistertask.com/pages/de/templates/crisis-plan-template,Krisenplanvorlage | Meistertask | Vorlagen,"Melden Sie sich kostenlos bei MeisterTask an und nutzen Sie die Krisenplanvorlage, um Herausforderungen gezielt zu bewältigen.",C
https://www.meistertask.com/pages/de/templates/customer-onboarding-template,Vorlage für die Kund:innenintegration | Meistertask | Vorlagen,Registrieren Sie sich kostenlos bei MeisterTask und nutzen Sie die Vorlage für die Kund:innenintegration.,C
https://www.meistertask.com/pages/de/templates/digitalization-template,Kostenlose Digitalisierungs-Vorlage | MeisterTask,Jetzt kostenlose Digitalisierungs-Vorlage sichern und direkt anwenden – ideal für die digitale Transformation im Mittelstand.,C
https://www.meistertask.com/pages/de/templates/employee-task-tracking-template,Aufgabenmanagement-Vorlage für Mitarbeiter:innen | Meistertask | Vorlagen,Melden Sie sich noch heute kostenlos bei MeisterTask an und nutzen Sie die Aufgabenmanagement-Vorlage für Mitarbeiter:innen.,C
https://www.meistertask.com/pages/de/templates/event-planning-template,Veranstaltungsplanung Vorlage | Meistertask | Vorlagen,Bei der Veranstaltungsplanung geht es um die Ausarbeitung und Realisierung kleinerer oder größerer Veranstaltungen.,C
https://www.meistertask.com/pages/de/templates/goal-setting-template,Zielsetzungsvorlage - Meister,Melden Sie sich jetzt kostenlos bei MeisterTask an und nutzen Sie die Zielsetzungsvorlage.,C
https://www.meistertask.com/pages/de/templates/grant-management-template,Vorlage für Fördermittelmanagement | Meistertask | Vorlagen,Registrieren Sie sich kostenlos bei MeisterTask und nutzen Sie die Vorlage für Fördermittelmanagement.,C
https://www.meistertask.com/pages/de/templates/healthcare-workflow-management-template,Workflow-Management-Vorlage für das Gesundheitswesen | Meistertask | Vorlagen,Melden Sie sich kostenlos bei MeisterTask an und nutzen Sie noch heute die Workflow-Management-Vorlage für das Gesundheitswesen.,C
https://www.meistertask.com/pages/de/templates/huddle-board-template,Huddle Vorlage | MeisterTask | Vorlagen,"Ein Huddle-Board ist ein anschauliches Tool, das Teams hilft, Status-Updates zu ausstehenden Projektaufgaben zu überblicken.",C
https://www.meistertask.com/pages/de/templates/issue-tracking-board,Problemverfolgung Board-Vorlage - Meister,Melden Sie sich kostenlos bei MeisterTask an und beginnen Sie mit der Nutzung der Board-Vorlage zur Problemverfolgung.,C
https://www.meistertask.com/pages/de/templates/manufacturing-workflow-management-template,Produktionsprozess-Management-Vorlage für die Produktion und Fertigung | Meistertask | Vorlagen,Melden Sie sich noch heute kostenlos bei MeisterTask an und nutzen Sie die Prozessmanagement-Vorlage für die Fertigung und Produktion.,C
https://www.meistertask.com/pages/de/templates/multi-action-management-template,Multimaßnahmensteuerung: von der Idee zur systematischen Prozessoptimierung - Meister,Eine Vorlage zum konsequenten Sammeln und Priorisieren von Ideen zur Prozessverbesserung.,C
https://www.meistertask.com/pages/de/templates/process-audit-template,Prozessaudit-Vorlage - Meister,"Melden Sie sich kostenlos bei MeisterTask an und nutzen Sie die Prozessaudit-Vorlage, um Ihr Digitalisierungsprojekt zu optimieren.",C
https://www.meistertask.com/pages/de/templates/product-roadmap-template,Produkt-Roadmap Vorlage | MeisterTask | Vorlagen,"Produkt-Roadmaps sind strategische, visuelle Darstellungen von Produktentwicklungsplänen.",C
https://www.meistertask.com/pages/de/templates/project-budget-template,Budgetplanung Vorlage | MeisterTask | Vorlagen,"Verantwortungsbewusste Budgetverwaltung hilft Ihnen, Geld strategisch zuzuweisen und auszugeben.",C
https://www.meistertask.com/pages/de/templates/project-charter-template,Projektauftrags-Vorlage | Meistertask | Vorlagen,Melden Sie sich kostenlos bei MeisterTask an und verwenden Sie die Projektauftrags-Vorlage.,C
https://www.meistertask.com/pages/de/templates/project-planning-template,Projekt Planen Vorlage | MeisterTask | Vorlagen,Mit Ihrer Projektplanung sorgen Projektmanager:innen für die Einhaltung wichtiger Meilensteine und Fristen.,C
https://www.meistertask.com/pages/de/templates/project-resource-planning-template,Kapazitätsplan Vorlage | MeisterTask | Vorlagen,"Eine erfolgreiche Zuweisung von Ressourcen stellt sicher, dass Ihre Teammitglieder alles haben, was sie benötigen.",C
https://www.meistertask.com/pages/de/templates/project-roadmap-template,Projektfahrplan-Vorlage | Meistertask | Vorlagen,Melden Sie sich kostenlos bei MeisterTask an und nutzen Sie die Projektfahrplan-Vorlage.,C
https://www.meistertask.com/pages/de/templates/project-schedule,Projekt Zeitplan Vorlage | MeisterTask | Vorlagen,"Der Hauptzweck eines Projektzeitplans besteht darin, den Umfang Ihres Projekts zu visualisieren.",C
https://www.meistertask.com/pages/de/templates/project-task-list-template,Vorlage für Projektaufgabenlisten | Meistertask | Vorlagen,Registrieren Sie sich kostenlos bei MeisterTask und nutzen Sie die Vorlage für Projektaufgabenlisten.,C
https://www.meistertask.com/pages/de/templates/project-timeline-template,Projektablauf-Vorlage - Meister,Melden Sie sich kostenlos bei MeisterTask an und nutzen Sie noch heute die Projektablauf-Vorlage.,C
https://www.meistertask.com/pages/de/templates/resource-allocation-template,Kapazitätsplan Vorlage | MeisterTask | Vorlagen,"Eine erfolgreiche Zuweisung von Ressourcen stellt sicher, dass Ihre Teammitglieder alles haben.",C
https://www.meistertask.com/pages/de/templates/resource-management-template,Ressourcenmanagement Vorlage | MeisterTask,"Effektives Ressourcenmanagement nutzt Ihre Mitarbeiter, Ihr Budget und Ihre Ausrüstung effizient.",C
https://www.meistertask.com/pages/de/templates/risk-management-template,Risikomanagement-Vorlage | Meistertask | Vorlagen,Registrieren Sie sich kostenlos bei MeisterTask und nutzen Sie die Risikomanagement-Vorlage.,C
https://www.meistertask.com/pages/de/templates/simple-project-plan-template,Einfache Projektplan-Vorlage | Meistertask | Vorlagen,Registrieren Sie sich kostenlos bei MeisterTask und nutzen Sie die einfache Projektplan-Vorlage.,C
https://www.meistertask.com/pages/de/templates/sprint-planning-template,Sprintplanungs-Vorlage | Meistertask | Vorlagen,Registrieren Sie sich kostenlos bei MeisterTask und nutzen Sie die Sprintplanungs-Vorlage.,C
https://www.meistertask.com/pages/de/templates/time-management-template,Zeitmanagement-Vorlage | Meistertask | Vorlagen,Registrieren Sie sich kostenlos bei MeisterTask und nutzen Sie die Zeitmanagement-Vorlage.,C
https://www.meistertask.com/pages/de/templates/to-do-list-template,Risikomanagement-Vorlage | Meistertask | Vorlagen,Registrieren Sie sich kostenlos bei MeisterTask und nutzen Sie die Risikomanagement-Vorlage.,C
https://www.meistertask.com/pages/de/templates/wochenplan-vorlage-mitarbeiter,Kostenlose Wochenarbeitsplan Vorlage | MeisterTask,Jetzt kostenlose Wochenplan-Vorlage für Mitarbeiter sichern und direkt anwenden – ideal zur Arbeitszeitplanung.,C
https://www.meistertask.com/pages/de/templates/work-schedule-template,Wochenarbeitsplan-Vorlage | Meistertask | Vorlagen,"Projektmanager:innen nutzen Wochenarbeitspläne, um die wöchentlichen Aufgaben ihrer Teammitglieder zu steuern.",C
https://www.meistertask.com/pages/de/templates/workflow-management-template,Workflow-Management-Vorlage | Meistertask | Vorlagen,Melden Sie sich kostenlos bei MeisterTask an und nutzen Sie die Workflow-Management-Vorlage.,C
https://www.meistertask.com/pages/de/templates/workflow-optimization-template,Arbeitsprozess-Optimierungsvorlage | Meistertask | Vorlagen,Melden Sie sich kostenlos bei MeisterTask an und nutzen Sie noch heute die Arbeitsprozess-Optimierungsvorlage.,C
https://www.meistertask.com/pages/industries/manufacturing/construction,Construction Project Management Software | MeisterTask,"MeisterTask is the simple project management platform for construction teams. Track projects, manage subcontractors, and avoid delays — all in one tool.",C
https://www.meistertask.com/pages/industries/manufacturing/machine-and-equipment-manufacturers,Project management for machine manufacturers | MeisterTask,"MeisterTask handles what your ERP can't. Take control of tasks, teams and timelines with a simple digital task management tool for manufacturing.",C
https://www.meistertask.com/pages/industries/manufacturing/product-manufacturers,Project management for product manufacturers | MeisterTask,MeisterTask is the simple task management platform for product manufacturers. Optimize every process from order intake to delivery.,C
https://www.meistertask.com/pages/templates/action-plan-template,Action plan - Meister,Sign up to MeisterTask for free and start using the action plan template to coordinate your projects today.,C
https://www.meistertask.com/pages/templates/agile-board-template,Agile Board Template | MeisterTask | Templates,Agile boards help everyone on the team know what's expected and when tasks are due.,C
https://www.meistertask.com/pages/templates/bug-tracking-template,Bug Tracking Template | Meistertask | Templates,Sign up to MeisterTask for free and start using the bug tracking template to streamline your workflow and resolve issues efficiently.,C
https://www.meistertask.com/pages/templates/business-model-canvas-template,Business Model Canvas Template | Meistertask | Templates,Sign up to MeisterTask for free and start using the business model canvas template to structure your business today.,C
https://www.meistertask.com/pages/templates/capacity-planning,Capacity Planning Template | MeisterTask | Templates,Project managers use capacity planning as a strategy to determine the needs of a project before work begins.,C
https://www.meistertask.com/pages/templates/categories/digitalization,Digitalization templates | MeisterTask,Use our digitalization templates to organize and manage your team's digitalization.,C
https://www.meistertask.com/pages/templates/categories/project-management,MeisterTask | Work Management Software,MeisterTask is the work management software your team will actually want to use.,C
https://www.meistertask.com/pages/templates/categories/resource-planning,MeisterTask | Work Management Software,MeisterTask is the work management software your team will actually want to use.,C
https://www.meistertask.com/pages/templates/categories/task-management,MeisterTask | Work Management Software,MeisterTask is the work management software your team will actually want to use.,C
https://www.meistertask.com/pages/templates/categories/work-management,Work management templates - Meister,"Use our free work management templates to plan, organize and optimize your workflows.",C
https://www.meistertask.com/pages/templates/categories/work-plans,MeisterTask | Work Management Software,MeisterTask is the work management software your team will actually want to use.,C
https://www.meistertask.com/pages/templates/change-management-template,Change Management Template | Meistertask | Templates,Sign up to MeisterTask for free and start using the change management template to manage project changes today.,C
https://www.meistertask.com/pages/templates/client-tracker-template,Client Tracker Template | Meistertask | Templates,Sign up to MeisterTask for free and start using the client tracker template to manage your relationships.,C
https://www.meistertask.com/pages/templates/construction-project-management-template,Construction Project Management Template | Meistertask | Templates,Sign up to MeisterTask for free and start using your construction project management template.,C
https://www.meistertask.com/pages/templates/construction-project-planning-template,Construction Project Planning Template | Meistertask | Templates,Sign up to MeisterTask for free and start using the construction project planning template.,C
https://www.meistertask.com/pages/templates/construction-workflow-management-template,Construction Workflow Management Template | Meistertask | Templates,Sign up to MeisterTask for free and start using the construction workflow management template.,C
https://www.meistertask.com/pages/templates/creative-workflow-management-template,Creative Workflow Management Template | Meistertask | Templates,Sign up to MeisterTask for free and start using the creative workflow management template.,C
https://www.meistertask.com/pages/templates/crisis-plan-template,Crisis Plan Template | Meistertask | Templates,Sign up to MeisterTask for free and start using the crisis plan template.,C
https://www.meistertask.com/pages/templates/customer-onboarding-template,Customer Onboarding Template | Meistertask | Templates,Sign up to MeisterTask for free and start using the customer onboarding template.,C
https://www.meistertask.com/pages/templates/digitalization-template,Digitalization template - Meister,Sign up to MeisterTask for free and start using the digitalization template.,C
https://www.meistertask.com/pages/templates/employee-task-tracking-template,Employee Task Tracking Template | Meistertask | Templates,Sign up to MeisterTask for free and start using the employee task tracking template.,C
https://www.meistertask.com/pages/templates/event-planning-template,Event Planning Template | Meistertask | Templates,"Event planning describes the process of managing a meeting, convention, trade show, or other forum that brings people together.",C
https://www.meistertask.com/pages/templates/goal-setting-template,Goal setting template - Meister,Sign up to MeisterTask for free and start using the goal setting template.,C
https://www.meistertask.com/pages/templates/grant-management-template,Grant Management Template | Meistertask | Templates,Sign up to MeisterTask for free and start using the grant management template.,C
https://www.meistertask.com/pages/templates/healthcare-workflow-management-template,Healthcare Workflow Management Template | Meistertask | Templates,Sign up to MeisterTask for free and start using the healthcare workflow management template.,C
https://www.meistertask.com/pages/templates/huddle-board-template,Huddle board template | MeisterTask | Templates,A huddle board is a quick and efficient way to measure progress in a master project plan.,C
https://www.meistertask.com/pages/templates/issue-tracking-board,Issue tracking template - Meister,Sign up to MeisterTask for free and start using the issue tracking template.,C
https://www.meistertask.com/pages/templates/manufacturing-workflow-management-template,Manufacturing Workflow Management Template | Meistertask | Templates,Sign up to MeisterTask for free and start using the manufacturing workflow management template.,C
https://www.meistertask.com/pages/templates/multi-action-management-template,Multi-action management: from ideation to optimization - Meister,A template for collecting and prioritizing ideas for improvement.,C
https://www.meistertask.com/pages/templates/process-audit-template,Process audit template - Meister,Sign up to MeisterTask for free and start using the process audit template.,C
https://www.meistertask.com/pages/templates/product-roadmap-template,Product Roadmap Template | MeisterTask | Template,"Product roadmaps are strategic, visual representations of a product development plan that keep development teams aligned and on track.",C
https://www.meistertask.com/pages/templates/project-budget-template,Project Budget Template | MeisterTask | Templates,Responsible budget management helps you allocate and spend money strategically to optimize project ROI.,C
https://www.meistertask.com/pages/templates/project-charter-template,Project Charter Template | Meistertask | Templates,Sign up to MeisterTask for free and start using the project charter template to coordinate your projects today.,C
https://www.meistertask.com/pages/templates/project-planning-template,Project Planning Template | MeisterTask | Templates,"Project plans set clear objectives, organize resources, and prevent scope creep.",C
https://www.meistertask.com/pages/templates/project-resource-planning-template,Project Resource Planning Template | MeisterTask,Resource planning involves aligning resources with important milestones to ensure your project runs smoothly.,C
https://www.meistertask.com/pages/templates/project-roadmap-template,Project Roadmap Template | Meistertask | Templates,Sign up to MeisterTask for free and start using the project roadmap template to coordinate your projects today.,C
https://www.meistertask.com/pages/templates/project-schedule,Project Schedule Template | MeisterTask | Templates,The main purpose of a project schedule is to visualize the scope of your project and how it will be delivered over a fixed period of time.,C
https://www.meistertask.com/pages/templates/project-task-list-template,Project Task List Template | Meistertask | Templates,Sign up to MeisterTask for free and start using the project task list template.,C
https://www.meistertask.com/pages/templates/project-timeline-template,Project timeline template - Meister,Sign up to MeisterTask for free and start using the project timeline template.,C
https://www.meistertask.com/pages/templates/resource-allocation-template,Resource Allocation Plan Template | MeisterTask,Successful resource allocation ensures your team members have what they need to complete their work effectively.,C
https://www.meistertask.com/pages/templates/resource-management-template,Resource Management Template | MeisterTask,"Effective resource management makes efficient use of your people, budget, and equipment to achieve a desired outcome.",C
https://www.meistertask.com/pages/templates/risk-management-template,Risk Management Template | Meistertask | Templates,Sign up to MeisterTask for free and start using the risk management template.,C
https://www.meistertask.com/pages/templates/simple-project-plan-template,Simple Project Plan Template | Meistertask | Templates,Sign up to MeisterTask for free and start using the simple project plan template.,C
https://www.meistertask.com/pages/templates/sprint-planning-template,Sprint Planning Template | Meistertask | Templates,Sign up to MeisterTask for free and start using the sprint planning template.,C
https://www.meistertask.com/pages/templates/task-tracker-template,Task Tracker Template | Meistertask | Templates,Manage tasks and deadlines easily with a free task tracker template. Perfect for teams.,C
https://www.meistertask.com/pages/templates/time-management-template,Time Management Template | Meistertask | Templates,Sign up to MeisterTask for free and start using the time management template.,C
https://www.meistertask.com/pages/templates/to-do-list-template,To Do List Template | Meistertask | Templates,Sign up to MeisterTask for free and start using the to-do list template to manage your workload today.,C
https://www.meistertask.com/pages/templates/weekly-work-plan-template,Weekly Work Plan Template | MeisterTask | Templates,"A weekly work plan is a project management resource, resembling a weekly agenda.",C
https://www.meistertask.com/pages/templates/work-schedule-template,Work Schedule Template | Meistertask | Templates,Sign up to MeisterTask for free and start using the work schedule template.,C
https://www.meistertask.com/pages/templates/workflow-management-template,Workflow Management Template | Meistertask | Templates,Sign up to MeisterTask for free and start using the workflow management template.,C
https://www.meistertask.com/pages/templates/workflow-optimization-template,Workflow Optimization Template | Meistertask | Templates,Sign up to MeisterTask for free and start using the workflow optimization template.,C